GuideName,GuideSeq,MatchPos,GuideScores,Rank,standardizedGuideScores,quartiles
crRNA309:309-331,TTATAAACACTATTGCCGCAACA,331,1.46483840070338,0.9971,0.972378138791062,4
crRNA310:310-332,GTTATAAACACTATTGCCGCAAC,332,1.33994900235375,0.9942,0.903020380481772,4
crRNA312:312-334,GTGTTATAAACACTATTGCCGCA,334,1.26651954882396,0.9913,0.862241080092765,4
crRNA144:144-166,GTGCAAATTTGTTATCAGCTAGA,166,1.24479554771001,0.9884,0.850176581114604,4
crRNA161:161-183,AGTGCTAAAGCAAGTCAGTGCAA,183,1.18522064633953,0.9855,0.817091454072952,4
crRNA313:313-335,AGTGTTATAAACACTATTGCCGC,335,1.17727292291396,0.9826,0.812677658444624,4
crRNA177:177-199,AAGCAAAAGCAAATTGAGTGCTA,199,1.16322681949402,0.9797,0.804877106443724,4
crRNA311:311-333,TGTTATAAACACTATTGCCGCAA,333,1.14307166300615,0.9767,0.793683870742017,4
crRNA308:308-330,TATAAACACTATTGCCGCAACAA,330,1.14100878719729,0.9738,0.792538245543534,4
crRNA166:166-188,AATTGAGTGCTAAAGCAAGTCAG,188,1.12863756543743,0.9709,0.785667844851804,4
crRNA034:34-56,TGATAAAGCTCACAAGTAGCGAG,56,1.11115852338325,0.968,0.77596079853489,4
crRNA119:119-141,ATGAAATGGTGAATTGCCCTCGT,141,1.08127033813747,0.9651,0.759362291728277,4
crRNA288:288-310,CAATAAGAAAAATTGGAGAGTAA,310,1.06428159853348,0.9622,0.749927536568882,4
crRNA100:100-122,TCGTATGTTCCAGAAGAGCAAGG,122,1.0612931676615,0.9593,0.748267901172429,4
crRNA289:289-311,ACAATAAGAAAAATTGGAGAGTA,311,1.0594655991705,0.9564,0.747252954704856,4
crRNA118:118-140,TGAAATGGTGAATTGCCCTCGTA,140,1.05391771870539,0.9535,0.744171920145376,4
crRNA033:33-55,GATAAAGCTCACAAGTAGCGAGT,55,1.03620290624825,0.9506,0.734333937921641,4
crRNA017:17-39,AGCGAGTGTTATCAGTGCCAAGA,39,1.0223274683057,0.9477,0.726628165582492,4
crRNA145:145-167,AGTGCAAATTTGTTATCAGCTAG,167,1.01370930163756,0.9448,0.721842036986017,4
crRNA290:290-312,AACAATAAGAAAAATTGGAGAGT,312,1.00951956380445,0.9419,0.719515251623545,4
crRNA204:204-226,GATAGACGTGTTTTACGCCGTCA,226,0.994184426897279,0.939,0.710998830427647,4
crRNA176:176-198,AGCAAAAGCAAATTGAGTGCTAA,198,0.990468651438099,0.936,0.708935261704962,4
crRNA018:18-40,TAGCGAGTGTTATCAGTGCCAAG,40,0.987780131887952,0.9331,0.707442183095944,4
crRNA229:229-251,GGTGAAACTGATCTGGCACGTAA,251,0.982731568216798,0.9302,0.704638445840899,4
crRNA203:203-225,ATAGACGTGTTTTACGCCGTCAG,225,0.951229948602509,0.9273,0.687143912690517,4
crRNA231:231-253,TAGGTGAAACTGATCTGGCACGT,253,0.939033660420893,0.9244,0.68037066196508,4
crRNA230:230-252,AGGTGAAACTGATCTGGCACGTA,252,0.937355417400571,0.9215,0.679438643912901,4
crRNA019:19-41,GTAGCGAGTGTTATCAGTGCCAA,41,0.931001782545641,0.9186,0.675910130872746,4
crRNA205:205-227,TGATAGACGTGTTTTACGCCGTC,227,0.919493451759802,0.9157,0.669518939660879,4
crRNA120:120-142,GATGAAATGGTGAATTGCCCTCG,142,0.916347562541154,0.9128,0.667771859228287,4
crRNA020:20-42,AGTAGCGAGTGTTATCAGTGCCA,42,0.91577341374788,0.9099,0.66745300371482,4
crRNA179:179-201,ACAAGCAAAAGCAAATTGAGTGC,201,0.90807153944124,0.907,0.663175741243004,4
crRNA314:314-336,AAGTGTTATAAACACTATTGCCG,336,0.901204750839505,0.9041,0.659362246498904,4
crRNA291:291-313,CAACAATAAGAAAAATTGGAGAG,313,0.891863422365181,0.9012,0.654174507498064,4
crRNA206:206-228,CTGATAGACGTGTTTTACGCCGT,228,0.888909381606865,0.8983,0.652533970769899,4
crRNA042:42-64,CTTGGTAGTGATAAAGCTCACAA,64,0.875473948365229,0.8953,0.645072556559662,4
crRNA178:178-200,CAAGCAAAAGCAAATTGAGTGCT,200,0.866467230878646,0.8924,0.640070644925452,4
crRNA196:196-218,TGTTTTACGCCGTCAGGACAAGC,218,0.860126016517156,0.8895,0.636549029649187,4
crRNA232:232-254,TTAGGTGAAACTGATCTGGCACG,254,0.851861161779839,0.8866,0.631959114052609,4
crRNA043:43-65,TCTTGGTAGTGATAAAGCTCACA,65,0.845409468524903,0.8837,0.628376143941657,4
crRNA233:233-255,TTTAGGTGAAACTGATCTGGCAC,255,0.814377615720219,0.8808,0.611142497409937,4
crRNA143:143-165,TGCAAATTTGTTATCAGCTAGAG,165,0.811352942547837,0.8779,0.6094627347269,4
crRNA142:142-164,GCAAATTTGTTATCAGCTAGAGG,164,0.799938333221602,0.875,0.603123592051013,4
crRNA121:121-143,GGATGAAATGGTGAATTGCCCTC,143,0.792144019295872,0.8721,0.59879499291777,4
crRNA141:141-163,CAAATTTGTTATCAGCTAGAGGA,163,0.788651040729302,0.8692,0.596855155218165,4
crRNA198:198-220,CGTGTTTTACGCCGTCAGGACAA,220,0.78750144845129,0.8663,0.596216725179857,4
crRNA172:172-194,AAAGCAAATTGAGTGCTAAAGCA,194,0.781348019978996,0.8634,0.59279939744512,4
crRNA073:73-95,TTTAAAAGTACTGTTGTACCTCT,95,0.768621718092344,0.8605,0.585731801779758,4
crRNA063:63-85,CTGTTGTACCTCTAACACACTCT,85,0.767946000016497,0.8576,0.585356539414744,4
crRNA162:162-184,GAGTGCTAAAGCAAGTCAGTGCA,184,0.760071165564019,0.8547,0.580983222929132,3
crRNA207:207-229,ACTGATAGACGTGTTTTACGCCG,229,0.755588916087421,0.8517,0.578493990216124,3
crRNA197:197-219,GTGTTTTACGCCGTCAGGACAAG,219,0.753677978895981,0.8488,0.577432744653094,3
crRNA138:138-160,ATTTGTTATCAGCTAGAGGATGA,160,0.748017045867894,0.8459,0.574288925962671,3
crRNA173:173-195,AAAAGCAAATTGAGTGCTAAAGC,195,0.746290026886481,0.843,0.573329820012196,3
crRNA235:235-257,AGTTTAGGTGAAACTGATCTGGC,257,0.724868459662901,0.8401,0.561433278738614,3
crRNA122:122-144,AGGATGAAATGGTGAATTGCCCT,144,0.721405657227622,0.8372,0.559510199457645,3
crRNA041:41-63,TTGGTAGTGATAAAGCTCACAAG,63,0.720752831013382,0.8343,0.559147650166964,3
crRNA117:117-139,GAAATGGTGAATTGCCCTCGTAT,139,0.719705776366694,0.8314,0.558566164756022,3
crRNA174:174-196,CAAAAGCAAATTGAGTGCTAAAG,196,0.713458026996338,0.8285,0.555096455585088,3
crRNA202:202-224,TAGACGTGTTTTACGCCGTCAGG,224,0.711529313550229,0.8256,0.554025337917689,3
crRNA070:70-92,AAAAGTACTGTTGTACCTCTAAC,92,0.70804829013073,0.8227,0.552092139550261,3
crRNA072:72-94,TTAAAAGTACTGTTGTACCTCTA,94,0.707823558147545,0.8198,0.551967333867953,3
crRNA167:167-189,AAATTGAGTGCTAAAGCAAGTCA,189,0.705125905902736,0.8169,0.550469183385442,3
crRNA035:35-57,GTGATAAAGCTCACAAGTAGCGA,57,0.698341465010391,0.814,0.546701420725896,3
crRNA123:123-145,GAGGATGAAATGGTGAATTGCCC,145,0.687912563602741,0.811,0.54090969434382,3
crRNA201:201-223,AGACGTGTTTTACGCCGTCAGGA,223,0.685437466653587,0.8081,0.539535140712687,3
crRNA270:270-292,AGTAAAGTTCTTGAACTTCCTCT,292,0.684188339363186,0.8052,0.5388414335618,3
crRNA102:102-124,CCTCGTATGTTCCAGAAGAGCAA,124,0.682361579430286,0.8023,0.537826936129756,3
crRNA101:101-123,CTCGTATGTTCCAGAAGAGCAAG,123,0.676801277176039,0.7994,0.534739003086817,3
crRNA140:140-162,AAATTTGTTATCAGCTAGAGGAT,162,0.67049472865509,0.7965,0.531236639604712,3
crRNA074:74-96,TTTTAAAAGTACTGTTGTACCTC,96,0.669378246489461,0.7936,0.530616597381564,3
crRNA139:139-161,AATTTGTTATCAGCTAGAGGATG,161,0.66630226269905,0.7907,0.528908339169755,3
crRNA109:109-131,GAATTGCCCTCGTATGTTCCAGA,131,0.658147822018416,0.7878,0.524379742400544,3
crRNA160:160-182,GTGCTAAAGCAAGTCAGTGCAAA,182,0.656028666549348,0.7849,0.523202862098567,3
crRNA165:165-187,ATTGAGTGCTAAAGCAAGTCAGT,187,0.654547336366158,0.782,0.522380200269944,3
crRNA307:307-329,ATAAACACTATTGCCGCAACAAT,329,0.654107869203908,0.7791,0.522136140664989,3
crRNA021:21-43,AAGTAGCGAGTGTTATCAGTGCC,43,0.651463256385325,0.7762,0.520667445810848,3
crRNA195:195-217,GTTTTACGCCGTCAGGACAAGCA,217,0.649160995323414,0.7733,0.519388877186073,3
crRNA099:99-121,CGTATGTTCCAGAAGAGCAAGGT,121,0.644600818327358,0.7703,0.516856367156242,3
crRNA336:336-358,TCTTTCTTTTGAGTGTGAAGCAA,358,0.638640720811438,0.7674,0.513546406435223,3
crRNA216:216-238,TGGCACGTAACTGATAGACGTGT,238,0.633598209350595,0.7645,0.510746030296058,3
crRNA031:31-53,TAAAGCTCACAAGTAGCGAGTGT,53,0.624877807653209,0.7616,0.505903125123323,3
crRNA148:148-170,GTCAGTGCAAATTTGTTATCAGC,170,0.623601806264811,0.7587,0.505194493349383,3
crRNA032:32-54,ATAAAGCTCACAAGTAGCGAGTG,54,0.616067114275654,0.7558,0.501010076154451,3
crRNA218:218-240,TCTGGCACGTAACTGATAGACGT,240,0.614686770828237,0.7529,0.500243497657998,3
crRNA097:97-119,TATGTTCCAGAAGAGCAAGGTTC,119,0.610305240464902,0.75,0.497810199652076,3
crRNA060:60-82,TTGTACCTCTAACACACTCTTGG,82,0.607874156363871,0.7471,0.496460088708016,3
crRNA037:37-59,TAGTGATAAAGCTCACAAGTAGC,59,0.600773495247201,0.7442,0.492516712055761,3
crRNA137:137-159,TTTGTTATCAGCTAGAGGATGAA,159,0.594431565042545,0.7413,0.488994699233523,3
crRNA267:267-289,AAAGTTCTTGAACTTCCTCTTGT,289,0.594208301903395,0.7384,0.488870709278818,3
crRNA243:243-265,TGATGAACAGTTTAGGTGAAACT,265,0.590883663399901,0.7355,0.487024359814106,3
crRNA103:103-125,CCCTCGTATGTTCCAGAAGAGCA,125,0.589348567757788,0.7326,0.48617183915235,3
crRNA194:194-216,TTTTACGCCGTCAGGACAAGCAA,216,0.587594774799771,0.7297,0.485197864181583,3
crRNA036:36-58,AGTGATAAAGCTCACAAGTAGCG,58,0.578315944473869,0.7267,0.480044833743122,3
crRNA105:105-127,TGCCCTCGTATGTTCCAGAAGAG,127,0.57700913760529,0.7238,0.479319094039467,3
crRNA064:64-86,ACTGTTGTACCTCTAACACACTC,86,0.573447037155123,0.7209,0.477340869263298,3
crRNA237:237-259,ACAGTTTAGGTGAAACTGATCTG,259,0.571413168515739,0.718,0.476211353296472,3
crRNA030:30-52,AAAGCTCACAAGTAGCGAGTGTT,52,0.569782985315163,0.7151,0.47530602543102,3
crRNA040:40-62,TGGTAGTGATAAAGCTCACAAGT,62,0.568251228706046,0.7122,0.47445535911276,3
crRNA096:96-118,ATGTTCCAGAAGAGCAAGGTTCT,118,0.563517184526131,0.7093,0.471826291342438,3
crRNA244:244-266,CTGATGAACAGTTTAGGTGAAAC,266,0.558631172364329,0.7064,0.469112827629002,3
crRNA332:332-354,TCTTTTGAGTGTGAAGCAAAGTG,354,0.55351545917132,0.7035,0.466271798655293,3
crRNA334:334-356,TTTCTTTTGAGTGTGAAGCAAAG,356,0.552792321998417,0.7006,0.465870201931108,3
crRNA106:106-128,TTGCCCTCGTATGTTCCAGAAGA,128,0.551112205314404,0.6977,0.464937143333332,3
crRNA022:22-44,CAAGTAGCGAGTGTTATCAGTGC,44,0.551011363611443,0.6948,0.464881140545635,3
crRNA168:168-190,CAAATTGAGTGCTAAAGCAAGTC,190,0.550691190127597,0.6919,0.464703331096609,3
crRNA272:272-294,AGAGTAAAGTTCTTGAACTTCCT,294,0.549733042125465,0.689,0.464171220297498,3
crRNA062:62-84,TGTTGTACCTCTAACACACTCTT,84,0.549374447086106,0.686,0.463972073305044,3
crRNA054:54-76,CTCTAACACACTCTTGGTAGTGA,76,0.54904829501929,0.6831,0.463790943629336,3
crRNA104:104-126,GCCCTCGTATGTTCCAGAAGAGC,126,0.545242318734105,0.6802,0.461677281566687,3
crRNA108:108-130,AATTGCCCTCGTATGTTCCAGAA,130,0.544058482274802,0.6773,0.461019833904138,3
crRNA124:124-146,AGAGGATGAAATGGTGAATTGCC,146,0.543117384415216,0.6744,0.460497191960522,3
crRNA098:98-120,GTATGTTCCAGAAGAGCAAGGTT,120,0.537477149800719,0.6715,0.457364868205508,3
crRNA164:164-186,TTGAGTGCTAAAGCAAGTCAGTG,186,0.535702538456743,0.6686,0.456379331672264,3
crRNA214:214-236,GCACGTAACTGATAGACGTGTTT,236,0.527089199832401,0.6657,0.451595884346569,3
crRNA199:199-221,ACGTGTTTTACGCCGTCAGGACA,221,0.527016218802534,0.6628,0.451555354079809,3
crRNA331:331-353,CTTTTGAGTGTGAAGCAAAGTGT,353,0.526289704330151,0.6599,0.451151881760704,3
crRNA131:131-153,ATCAGCTAGAGGATGAAATGGTG,153,0.525788074940875,0.657,0.450873300148477,3
crRNA110:110-132,TGAATTGCCCTCGTATGTTCCAG,132,0.523735358722212,0.6541,0.449733317113464,3
crRNA217:217-239,CTGGCACGTAACTGATAGACGTG,239,0.516297741339282,0.6512,0.44560281063606,3
crRNA053:53-75,TCTAACACACTCTTGGTAGTGAT,75,0.506754548252541,0.6483,0.440302965426172,3
crRNA190:190-212,ACGCCGTCAGGACAAGCAAAAGC,212,0.502320267773709,0.6453,0.437840372461592,3
crRNA125:125-147,TAGAGGATGAAATGGTGAATTGC,147,0.497999451467423,0.6424,0.435440792216749,3
crRNA075:75-97,CTTTTAAAAGTACTGTTGTACCT,97,0.497963099721558,0.6395,0.43542060414925,3
crRNA226:226-248,GAAACTGATCTGGCACGTAACTG,248,0.496719155522069,0.6366,0.434729775445785,3
crRNA315:315-337,AAAGTGTTATAAACACTATTGCC,337,0.488318277243457,0.6337,0.430064318706193,3
crRNA015:15-37,CGAGTGTTATCAGTGCCAAGAAA,37,0.485848681111927,0.6308,0.428692819973109,3
crRNA016:16-38,GCGAGTGTTATCAGTGCCAAGAA,38,0.48550650756692,0.6279,0.428502792714206,3
crRNA044:44-66,CTCTTGGTAGTGATAAAGCTCAC,66,0.485178420781955,0.625,0.428320588586099,3
crRNA316:316-338,CAAAGTGTTATAAACACTATTGC,338,0.482035406602275,0.6221,0.426575104816319,3
crRNA055:55-77,CCTCTAACACACTCTTGGTAGTG,77,0.477632968318931,0.6192,0.424130195524876,3
crRNA271:271-293,GAGTAAAGTTCTTGAACTTCCTC,293,0.471460710663442,0.6163,0.42070241093828,3
crRNA225:225-247,AAACTGATCTGGCACGTAACTGA,247,0.469119707212787,0.6134,0.419402326594234,3
crRNA338:338-360,TGTCTTTCTTTTGAGTGTGAAGC,360,0.468926067641706,0.6105,0.419294788190273,3
crRNA163:163-185,TGAGTGCTAAAGCAAGTCAGTGC,185,0.468330256133354,0.6076,0.418963902213239,3
crRNA115:115-137,AATGGTGAATTGCCCTCGTATGT,137,0.46636448250309,0.6047,0.417872203044692,3
crRNA337:337-359,GTCTTTCTTTTGAGTGTGAAGCA,359,0.465644770666643,0.6017,0.417472508592927,3
crRNA069:69-91,AAAGTACTGTTGTACCTCTAACA,91,0.463499264899116,0.5988,0.416280994561778,3
crRNA146:146-168,CAGTGCAAATTTGTTATCAGCTA,168,0.461121691030644,0.5959,0.414960600710009,3
crRNA228:228-250,GTGAAACTGATCTGGCACGTAAC,250,0.460419974792733,0.593,0.414570900175986,3
crRNA269:269-291,GTAAAGTTCTTGAACTTCCTCTT,291,0.458130577010056,0.5901,0.413299475217718,3
crRNA189:189-211,CGCCGTCAGGACAAGCAAAAGCA,211,0.457998354339945,0.5872,0.413226044901632,3
crRNA215:215-237,GGCACGTAACTGATAGACGTGTT,237,0.450658929882878,0.5843,0.409150070204425,3
crRNA061:61-83,GTTGTACCTCTAACACACTCTTG,83,0.447638564944972,0.5814,0.40747270011427,3
crRNA080:80-102,AGGTTCTTTTAAAAGTACTGTTG,102,0.446780508647236,0.5785,0.406996175588565,3
crRNA242:242-264,GATGAACAGTTTAGGTGAAACTG,264,0.446603550193838,0.5756,0.406897901100869,3
crRNA339:339-361,CTGTCTTTCTTTTGAGTGTGAAG,361,0.445669748633227,0.5727,0.406379311182063,3
crRNA116:116-138,AAATGGTGAATTGCCCTCGTATG,138,0.445455618830452,0.5698,0.406260393457229,3
crRNA273:273-295,GAGAGTAAAGTTCTTGAACTTCC,295,0.444667059291068,0.5669,0.405822464196076,3
crRNA057:57-79,TACCTCTAACACACTCTTGGTAG,79,0.443570196947707,0.564,0.405213317908924,3
crRNA038:38-60,GTAGTGATAAAGCTCACAAGTAG,60,0.443122365632658,0.561,0.404964613242851,3
crRNA256:256-278,ACTTCCTCTTGTCTGATGAACAG,278,0.442426865377953,0.5581,0.40457836477655,3
crRNA236:236-258,CAGTTTAGGTGAAACTGATCTGG,258,0.442149413410743,0.5552,0.404424280869201,3
crRNA340:340-362,TCTGTCTTTCTTTTGAGTGTGAA,362,0.441112595359189,0.5523,0.403848480386689,3
crRNA126:126-148,CTAGAGGATGAAATGGTGAATTG,148,0.439580313777527,0.5494,0.402997522523114,3
crRNA209:209-231,TAACTGATAGACGTGTTTTACGC,231,0.439067732536942,0.5465,0.402712858762473,3
crRNA234:234-256,GTTTAGGTGAAACTGATCTGGCA,256,0.437828155816744,0.5436,0.402024455553703,3
crRNA107:107-129,ATTGCCCTCGTATGTTCCAGAAG,129,0.437185520947365,0.5407,0.401667566061556,3
crRNA076:76-98,TCTTTTAAAAGTACTGTTGTACC,98,0.427277333969082,0.5378,0.396165020234575,3
crRNA219:219-241,ATCTGGCACGTAACTGATAGACG,241,0.418157484807274,0.5349,0.391100280534164,3
crRNA208:208-230,AACTGATAGACGTGTTTTACGCC,230,0.417447843791753,0.532,0.39070617894755,3
crRNA341:341-363,TTCTGTCTTTCTTTTGAGTGTGA,363,0.408791948590856,0.5291,0.385899097680222,3
crRNA058:58-80,GTACCTCTAACACACTCTTGGTA,80,0.406246590658317,0.5262,0.384485524369528,3
crRNA029:29-51,AAGCTCACAAGTAGCGAGTGTTA,51,0.403382227729423,0.5233,0.382894790533369,3
crRNA285:285-307,TAAGAAAAATTGGAGAGTAAAGT,307,0.402371001204322,0.5203,0.382333202393377,3
crRNA286:286-308,ATAAGAAAAATTGGAGAGTAAAG,308,0.399723853668223,0.5174,0.380863099875116,3
crRNA268:268-290,TAAAGTTCTTGAACTTCCTCTTG,290,0.398634925448599,0.5145,0.380258359830958,3
crRNA056:56-78,ACCTCTAACACACTCTTGGTAGT,78,0.39750375638493,0.5116,0.379630161188306,3
crRNA066:66-88,GTACTGTTGTACCTCTAACACAC,88,0.395596790309313,0.5087,0.37857112099815,3
crRNA342:342-364,ATTCTGTCTTTCTTTTGAGTGTG,364,0.395287471758424,0.5058,0.378399339873598,3
crRNA287:287-309,AATAAGAAAAATTGGAGAGTAAA,309,0.38759389205699,0.5029,0.374126683839405,3
crRNA220:220-242,GATCTGGCACGTAACTGATAGAC,242,0.385132563819596,0.5,0.372759776709858,3
crRNA200:200-222,GACGTGTTTTACGCCGTCAGGAC,222,0.382285943338469,0.4971,0.371178896203287,3
crRNA193:193-215,TTTACGCCGTCAGGACAAGCAAA,215,0.377880424715318,0.4942,0.368732276234503,3
crRNA068:68-90,AAGTACTGTTGTACCTCTAACAC,90,0.374006883992322,0.4913,0.366581092028181,3
crRNA059:59-81,TGTACCTCTAACACACTCTTGGT,81,0.372811545734,0.4884,0.36591725680186,3
crRNA263:263-285,TTCTTGAACTTCCTCTTGTCTGA,285,0.372502020414156,0.4855,0.365745360847456,3
crRNA227:227-249,TGAAACTGATCTGGCACGTAACT,249,0.369139004760027,0.4826,0.363877698499717,3
crRNA248:248-270,TTGTCTGATGAACAGTTTAGGTG,270,0.368080014333187,0.4797,0.363289584512082,3
crRNA241:241-263,ATGAACAGTTTAGGTGAAACTGA,263,0.357195924999162,0.4767,0.35724506794445,3
crRNA077:77-99,TTCTTTTAAAAGTACTGTTGTAC,99,0.357049970313194,0.4738,0.357164011505975,3
crRNA136:136-158,TTGTTATCAGCTAGAGGATGAAA,158,0.356093927754187,0.4709,0.356633069971968,3
crRNA224:224-246,AACTGATCTGGCACGTAACTGAT,246,0.355290936608652,0.468,0.356187126068542,3
crRNA175:175-197,GCAAAAGCAAATTGAGTGCTAAA,197,0.349784610051296,0.4651,0.353129168615116,3
crRNA071:71-93,TAAAAGTACTGTTGTACCTCTAA,93,0.341648447041451,0.4622,0.348610722413446,3
crRNA266:266-288,AAGTTCTTGAACTTCCTCTTGTC,288,0.338823377059063,0.4593,0.34704181005071,3
crRNA264:264-286,GTTCTTGAACTTCCTCTTGTCTG,286,0.338467585191137,0.4564,0.346844219809184,3
crRNA147:147-169,TCAGTGCAAATTTGTTATCAGCT,169,0.336707806461091,0.4535,0.345866920619267,3
crRNA169:169-191,GCAAATTGAGTGCTAAAGCAAGT,191,0.3314974099944,0.4506,0.342973308962811,3
crRNA111:111-133,GTGAATTGCCCTCGTATGTTCCA,133,0.328594714548129,0.4477,0.341361287030858,3
crRNA112:112-134,GGTGAATTGCCCTCGTATGTTCC,134,0.321092694884479,0.4448,0.337195014524634,3
crRNA095:95-117,TGTTCCAGAAGAGCAAGGTTCTT,117,0.315606635900952,0.4419,0.334148312738268,3
crRNA045:45-67,ACTCTTGGTAGTGATAAAGCTCA,67,0.313550329794623,0.439,0.333006336046753,3
crRNA132:132-154,TATCAGCTAGAGGATGAAATGGT,154,0.312526422221349,0.436,0.332437705442901,3
crRNA094:94-116,GTTCCAGAAGAGCAAGGTTCTTT,116,0.310486673305122,0.4331,0.33130492384404,3
crRNA333:333-355,TTCTTTTGAGTGTGAAGCAAAGT,355,0.308399519468494,0.4302,0.330145815759062,3
crRNA335:335-357,CTTTCTTTTGAGTGTGAAGCAAA,357,0.304999105746437,0.4273,0.328257384265255,3
crRNA065:65-87,TACTGTTGTACCTCTAACACACT,87,0.298965515050977,0.4244,0.324906608853387,3
crRNA292:292-314,GCAACAATAAGAAAAATTGGAGA,314,0.297963377175735,0.4215,0.324350068126455,3
crRNA067:67-89,AGTACTGTTGTACCTCTAACACA,89,0.29563061529283,0.4186,0.323054560765496,2
crRNA024:24-46,CACAAGTAGCGAGTGTTATCAGT,46,0.294296374874706,0.4157,0.322313585745441,2
crRNA039:39-61,GGTAGTGATAAAGCTCACAAGTA,61,0.29368408996886,0.4128,0.321973551210267,2
crRNA279:279-301,AAATTGGAGAGTAAAGTTCTTGA,301,0.28416115347599,0.4099,0.316684955569682,2
crRNA245:245-267,TCTGATGAACAGTTTAGGTGAAA,267,0.282945701652777,0.407,0.316009950205695,2
crRNA261:261-283,CTTGAACTTCCTCTTGTCTGATG,283,0.282920710473752,0.4041,0.315996071268191,2
crRNA254:254-276,TTCCTCTTGTCTGATGAACAGTT,276,0.282486844655866,0.4012,0.315755122389157,2
crRNA078:78-100,GTTCTTTTAAAAGTACTGTTGTA,100,0.280969807411464,0.3983,0.314912630520881,2
crRNA135:135-157,TGTTATCAGCTAGAGGATGAAAT,157,0.277960841902437,0.3953,0.313241591142888,2
crRNA250:250-272,TCTTGTCTGATGAACAGTTTAGG,272,0.277503754499761,0.3924,0.312987746076614,2
crRNA258:258-280,GAACTTCCTCTTGTCTGATGAAC,280,0.275614586584009,0.3895,0.311938590155952,2
crRNA052:52-74,CTAACACACTCTTGGTAGTGATA,74,0.273108883482818,0.3866,0.310547039292678,2
crRNA159:159-181,TGCTAAAGCAAGTCAGTGCAAAT,181,0.270656158107666,0.3837,0.309184909792361,2
crRNA082:82-104,CAAGGTTCTTTTAAAAGTACTGT,104,0.269706749142998,0.3808,0.308657652247859,2
crRNA113:113-135,TGGTGAATTGCCCTCGTATGTTC,135,0.262627292911067,0.3779,0.304726051801512,2
crRNA047:47-69,ACACTCTTGGTAGTGATAAAGCT,69,0.26145720016799,0.375,0.304076236759193,2
crRNA133:133-155,TTATCAGCTAGAGGATGAAATGG,155,0.260874080125965,0.3721,0.303752399031775,2
crRNA255:255-277,CTTCCTCTTGTCTGATGAACAGT,277,0.260313110998719,0.3692,0.303440862891313,2
crRNA260:260-282,TTGAACTTCCTCTTGTCTGATGA,282,0.259989807657173,0.3663,0.303261315265015,2
crRNA025:25-47,TCACAAGTAGCGAGTGTTATCAG,47,0.254781167135503,0.3634,0.300368678778685,2
crRNA306:306-328,TAAACACTATTGCCGCAACAATA,328,0.253033575004075,0.3605,0.29939814745836,2
crRNA265:265-287,AGTTCTTGAACTTCCTCTTGTCT,287,0.244032857318365,0.3576,0.294399567834268,2
crRNA048:48-70,CACACTCTTGGTAGTGATAAAGC,70,0.243651784578805,0.3547,0.294187937773447,2
crRNA081:81-103,AAGGTTCTTTTAAAAGTACTGTT,103,0.24099542795914,0.3517,0.292712720958852,2
crRNA149:149-171,AGTCAGTGCAAATTTGTTATCAG,171,0.24073005096927,0.3488,0.292565342931834,2
crRNA213:213-235,CACGTAACTGATAGACGTGTTTT,235,0.230954910288037,0.3459,0.287136684825001,2
crRNA280:280-302,AAAATTGGAGAGTAAAGTTCTTG,302,0.230707282252543,0.343,0.286999163741038,2
crRNA238:238-260,AACAGTTTAGGTGAAACTGATCT,260,0.227916744516464,0.3401,0.285449428980446,2
crRNA240:240-262,TGAACAGTTTAGGTGAAACTGAT,262,0.225932209933538,0.3372,0.284347310852103,2
crRNA262:262-284,TCTTGAACTTCCTCTTGTCTGAT,284,0.223376931987104,0.3343,0.282928228427463,2
crRNA028:28-50,AGCTCACAAGTAGCGAGTGTTAT,50,0.222659334975104,0.3314,0.282529708450752,2
crRNA014:14-36,GAGTGTTATCAGTGCCAAGAAAA,36,0.22060681812923,0.3285,0.281389836138105,2
crRNA183:183-205,CAGGACAAGCAAAAGCAAATTGA,205,0.213212018097586,0.3256,0.277283108424481,2
crRNA180:180-202,GACAAGCAAAAGCAAATTGAGTG,202,0.212331081838648,0.3227,0.276793877433374,2
crRNA293:293-315,CGCAACAATAAGAAAAATTGGAG,315,0.209399853181309,0.3198,0.2751660094842,2
crRNA158:158-180,GCTAAAGCAAGTCAGTGCAAATT,180,0.20092968170789,0.3169,0.270462070529775,2
crRNA023:23-45,ACAAGTAGCGAGTGTTATCAGTG,45,0.19931749069697,0.314,0.269566734688931,2
crRNA171:171-193,AAGCAAATTGAGTGCTAAAGCAA,193,0.198910332353817,0.311,0.269340617898145,2
crRNA257:257-279,AACTTCCTCTTGTCTGATGAACA,279,0.193754970088196,0.3081,0.26647756967515,2
crRNA221:221-243,TGATCTGGCACGTAACTGATAGA,243,0.191221197598092,0.3052,0.265070430379889,2
crRNA278:278-300,AATTGGAGAGTAAAGTTCTTGAA,300,0.185130814772027,0.3023,0.261688115262326,2
crRNA239:239-261,GAACAGTTTAGGTGAAACTGATC,261,0.181572838267913,0.2994,0.259712180733828,2
crRNA317:317-339,GCAAAGTGTTATAAACACTATTG,339,0.174707069952912,0.2965,0.255899252609486,2
crRNA026:26-48,CTCACAAGTAGCGAGTGTTATCA,48,0.171886730589979,0.2936,0.254332967412588,2
crRNA246:246-268,GTCTGATGAACAGTTTAGGTGAA,268,0.170476858837494,0.2907,0.253549990270028,2
crRNA170:170-192,AGCAAATTGAGTGCTAAAGCAAG,192,0.167778696617356,0.2878,0.252051556570958,2
crRNA259:259-281,TGAACTTCCTCTTGTCTGATGAA,281,0.16502028197733,0.2849,0.250519661482601,2
crRNA330:330-352,TTTTGAGTGTGAAGCAAAGTGTT,352,0.164244502062897,0.282,0.250088829430261,2
crRNA211:211-233,CGTAACTGATAGACGTGTTTTAC,233,0.157139895808983,0.2791,0.246143261832424,2
crRNA274:274-296,GGAGAGTAAAGTTCTTGAACTTC,296,0.15611045529256,0.2762,0.245571558489504,2
crRNA130:130-152,TCAGCTAGAGGATGAAATGGTGA,152,0.152463884275004,0.2733,0.243546422692266,2
crRNA127:127-149,GCTAGAGGATGAAATGGTGAATT,149,0.148699777175691,0.2703,0.241456012826462,2
crRNA184:184-206,TCAGGACAAGCAAAAGCAAATTG,206,0.148278908216556,0.2674,0.241222281797781,2
crRNA046:46-68,CACTCTTGGTAGTGATAAAGCTC,68,0.147009935853272,0.2645,0.240517553617191,2
crRNA249:249-271,CTTGTCTGATGAACAGTTTAGGT,271,0.145898475872834,0.2616,0.239900300481918,2
crRNA212:212-234,ACGTAACTGATAGACGTGTTTTA,234,0.143747402964089,0.2587,0.238705694719685,2
crRNA192:192-214,TTACGCCGTCAGGACAAGCAAAA,214,0.142683786984437,0.2558,0.238115011915336,2
crRNA191:191-213,TACGCCGTCAGGACAAGCAAAAG,213,0.140600384036513,0.2529,0.236957986899342,2
crRNA275:275-297,TGGAGAGTAAAGTTCTTGAACTT,297,0.136782058032089,0.25,0.2348374663775,2
crRNA222:222-244,CTGATCTGGCACGTAACTGATAG,244,0.132911692085353,0.2471,0.232688045294129,2
crRNA128:128-150,AGCTAGAGGATGAAATGGTGAAT,150,0.126014661509248,0.2442,0.228857755565211,2
crRNA277:277-299,ATTGGAGAGTAAAGTTCTTGAAC,299,0.125510852466764,0.2413,0.228577963475055,2
crRNA253:253-275,TCCTCTTGTCTGATGAACAGTTT,275,0.124019998480654,0.2384,0.227750012569618,2
crRNA210:210-232,GTAACTGATAGACGTGTTTTACG,232,0.121399776637122,0.2355,0.226294863327633,2
crRNA027:27-49,GCTCACAAGTAGCGAGTGTTATC,49,0.119193525282772,0.2326,0.225069614025237,2
crRNA251:251-273,CTCTTGTCTGATGAACAGTTTAG,273,0.116433349049917,0.2297,0.223536740630223,2
crRNA049:49-71,ACACACTCTTGGTAGTGATAAAG,71,0.109011893370822,0.2267,0.219415209610811,2
crRNA083:83-105,GCAAGGTTCTTTTAAAAGTACTG,105,0.107383405643762,0.2238,0.218510823332427,2
crRNA129:129-151,CAGCTAGAGGATGAAATGGTGAA,151,0.105671838270784,0.2209,0.217560298486012,2
crRNA188:188-210,GCCGTCAGGACAAGCAAAAGCAA,210,0.102360341726792,0.218,0.215721247453856,2
crRNA344:344-366,TCATTCTGTCTTTCTTTTGAGTG,366,0.0928171049903405,0.2151,0.210421378002951,2
crRNA093:93-115,TTCCAGAAGAGCAAGGTTCTTTT,115,0.0829740255201754,0.2122,0.204954989855259,2
crRNA247:247-269,TGTCTGATGAACAGTTTAGGTGA,269,0.0821948192361959,0.2093,0.204522254956769,2
crRNA319:319-341,AAGCAAAGTGTTATAAACACTAT,341,0.0784766885572422,0.2064,0.202457378254655,2
crRNA114:114-136,ATGGTGAATTGCCCTCGTATGTT,136,0.0777110943292383,0.2035,0.202032202858419,2
crRNA013:13-35,AGTGTTATCAGTGCCAAGAAAAG,35,0.077104680337432,0.2006,0.201695428755614,2
crRNA283:283-305,AGAAAAATTGGAGAGTAAAGTTC,305,0.0763226397705315,0.1977,0.201261119828324,2
crRNA276:276-298,TTGGAGAGTAAAGTTCTTGAACT,298,0.0732849364467861,0.1948,0.199574120805766,2
crRNA150:150-172,AAGTCAGTGCAAATTTGTTATCA,172,0.0713276481830978,0.1919,0.198487134014826,2
crRNA051:51-73,TAACACACTCTTGGTAGTGATAA,73,0.0600677067759981,0.189,0.192233886701519,2
crRNA079:79-101,GGTTCTTTTAAAAGTACTGTTGT,101,0.0590816985320248,0.186,0.191686303620968,2
crRNA318:318-340,AGCAAAGTGTTATAAACACTATT,340,0.0576332371366018,0.1831,0.190881895587047,2
crRNA154:154-176,AAGCAAGTCAGTGCAAATTTGTT,176,0.0572825261949391,0.1802,0.190687127055452,2
crRNA343:343-365,CATTCTGTCTTTCTTTTGAGTGT,365,0.0546067628644101,0.1773,0.189201132657015,2
crRNA320:320-342,GAAGCAAAGTGTTATAAACACTA,342,0.0410350133359522,0.1744,0.181664014726527,2
crRNA155:155-177,AAAGCAAGTCAGTGCAAATTTGT,177,0.0397466704235564,0.1715,0.180948529044649,2
crRNA321:321-343,TGAAGCAAAGTGTTATAAACACT,343,0.038419205921854,0.1686,0.18021131705316,2
crRNA182:182-204,AGGACAAGCAAAAGCAAATTGAG,204,0.0362351433511906,0.1657,0.178998390368348,2
crRNA281:281-303,AAAAATTGGAGAGTAAAGTTCTT,303,0.0318837206256878,0.1628,0.176581812742983,2
crRNA329:329-351,TTTGAGTGTGAAGCAAAGTGTTA,351,0.0310595746200717,0.1599,0.176124120415016,2
crRNA325:325-347,AGTGTGAAGCAAAGTGTTATAAA,347,0.0290694945616052,0.157,0.175018922587696,2
crRNA134:134-156,GTTATCAGCTAGAGGATGAAATG,156,0.0219671769132758,0.1541,0.171074625974868,2
crRNA186:186-208,CGTCAGGACAAGCAAAAGCAAAT,208,0.0207395885255973,0.1512,0.170392880527928,2
crRNA322:322-344,GTGAAGCAAAGTGTTATAAACAC,344,0.0192910379158128,0.1483,0.169588422948503,2
crRNA328:328-350,TTGAGTGTGAAGCAAAGTGTTAT,350,0.0190809355116962,0.1453,0.16947174185341,2
crRNA327:327-349,TGAGTGTGAAGCAAAGTGTTATA,349,0.0169520100605457,0.1424,0.168289435758172,2
crRNA152:152-174,GCAAGTCAGTGCAAATTTGTTAT,174,0.013767284956691,0.1395,0.166520787682726,2
crRNA156:156-178,TAAAGCAAGTCAGTGCAAATTTG,178,0.0134598944107161,0.1366,0.166350077282356,2
crRNA187:187-209,CCGTCAGGACAAGCAAAAGCAAA,209,0.0114763632239114,0.1337,0.165248516393511,2
crRNA153:153-175,AGCAAGTCAGTGCAAATTTGTTA,175,0.00922722655032331,0.1308,0.163999450581098,2
crRNA050:50-72,AACACACTCTTGGTAGTGATAAA,72,0.00877888182948957,0.1279,0.163750460793352,2
crRNA012:12-34,GTGTTATCAGTGCCAAGAAAAGA,34,0.00747229184780262,0.125,0.163024841538582,2
crRNA151:151-173,CAAGTCAGTGCAAATTTGTTATC,173,0.00632794294502865,0.1221,0.162389323426805,2
crRNA084:84-106,AGCAAGGTTCTTTTAAAAGTACT,106,0.0059995671491506,0.1192,0.16220695879549,2
crRNA011:11-33,TGTTATCAGTGCCAAGAAAAGAA,33,0.00564926830085109,0.1163,0.162012419121367,2
crRNA323:323-345,TGTGAAGCAAAGTGTTATAAACA,345,-0.000533724564783137,0.1134,0.158578672698775,1
crRNA181:181-203,GGACAAGCAAAAGCAAATTGAGT,203,-0.00322011595153178,0.1105,0.157086775972644,1
crRNA085:85-107,GAGCAAGGTTCTTTTAAAAGTAC,107,-0.00547328191854531,0.1076,0.155835472478225,1
crRNA157:157-179,CTAAAGCAAGTCAGTGCAAATTT,179,-0.00727901448574454,0.1047,0.154832652666279,1
crRNA223:223-245,ACTGATCTGGCACGTAACTGATA,245,-0.0126506931678841,0.1017,0.151849472374962,1
crRNA324:324-346,GTGTGAAGCAAAGTGTTATAAAC,346,-0.01976729558359,0.09884,0.147897242667281,1
crRNA090:90-112,CAGAAGAGCAAGGTTCTTTTAAA,112,-0.0210893545066415,0.09593,0.147163032682548,1
crRNA282:282-304,GAAAAATTGGAGAGTAAAGTTCT,304,-0.0236567803258379,0.09302,0.145737203894853,1
crRNA303:303-325,ACACTATTGCCGCAACAATAAGA,325,-0.0317166628176177,0.09012,0.141261120342099,1
crRNA284:284-306,AAGAAAAATTGGAGAGTAAAGTT,306,-0.0333621737878996,0.08721,0.140347280146852,1
crRNA305:305-327,AAACACTATTGCCGCAACAATAA,327,-0.0389133000451417,0.0843,0.137264443025511,1
crRNA010:10-32,GTTATCAGTGCCAAGAAAAGAAT,32,-0.04070864492634,0.0814,0.136267392050829,1
crRNA185:185-207,GTCAGGACAAGCAAAAGCAAATT,207,-0.0443422956501525,0.07849,0.134249431583304,1
crRNA252:252-274,CCTCTTGTCTGATGAACAGTTTA,274,-0.0478972510830645,0.07558,0.132275174817122,1
crRNA326:326-348,GAGTGTGAAGCAAAGTGTTATAA,348,-0.0518411332268937,0.07267,0.130084926260024,1
crRNA304:304-326,AACACTATTGCCGCAACAATAAG,326,-0.0548237624267844,0.06977,0.128428512842185,1
crRNA086:86-108,AGAGCAAGGTTCTTTTAAAAGTA,108,-0.0548597031515059,0.06686,0.128408553036696,1
crRNA302:302-324,CACTATTGCCGCAACAATAAGAA,324,-0.0555597117519029,0.06395,0.128019800845058,1
crRNA089:89-111,AGAAGAGCAAGGTTCTTTTAAAA,111,-0.0567388041311458,0.06105,0.12736498782374,1
crRNA088:88-110,GAAGAGCAAGGTTCTTTTAAAAG,110,-0.0575884274839201,0.05814,0.126893146563118,1
crRNA091:91-113,CCAGAAGAGCAAGGTTCTTTTAA,113,-0.060319832365206,0.05523,0.125376251437475,1
crRNA009:9-31,TTATCAGTGCCAAGAAAAGAATA,31,-0.0628662337679664,0.05233,0.123962098631993,1
crRNA092:92-114,TCCAGAAGAGCAAGGTTCTTTTA,114,-0.0688580664421878,0.04942,0.120634513681308,1
crRNA087:87-109,AAGAGCAAGGTTCTTTTAAAAGT,109,-0.0700440581067306,0.04651,0.119975869118093,1
crRNA001:1-23,GCCAAGAAAAGAATAATTTTCAT,23,-0.0718724037155055,0.0436,0.118960491075481,1
crRNA008:8-30,TATCAGTGCCAAGAAAAGAATAA,30,-0.0784322129092649,0.0407,0.115317478404845,1
crRNA301:301-323,ACTATTGCCGCAACAATAAGAAA,323,-0.0793381454689926,0.03779,0.114814365631844,1
crRNA300:300-322,CTATTGCCGCAACAATAAGAAAA,322,-0.0827635440029445,0.03488,0.11291205873654,1
crRNA295:295-317,GCCGCAACAATAAGAAAAATTGG,317,-0.0903889125233293,0.03198,0.108677284017108,1
crRNA299:299-321,TATTGCCGCAACAATAAGAAAAA,321,-0.0919716266843228,0.02907,0.107798318246583,1
crRNA003:3-25,GTGCCAAGAAAAGAATAATTTTC,25,-0.0943218838614089,0.02616,0.106493094813632,1
crRNA294:294-316,CCGCAACAATAAGAAAAATTGGA,316,-0.0970355858510251,0.02326,0.104986031049963,1
crRNA296:296-318,TGCCGCAACAATAAGAAAAATTG,318,-0.0993619662610275,0.02035,0.103694067662,1
crRNA007:7-29,ATCAGTGCCAAGAAAAGAATAAT,29,-0.101425382273385,0.01744,0.102548142459638,1
crRNA005:5-27,CAGTGCCAAGAAAAGAATAATTT,27,-0.105198883115069,0.01453,0.100452515746595,1
crRNA006:6-28,TCAGTGCCAAGAAAAGAATAATT,28,-0.105927107384918,0.01163,0.100048093885568,1
crRNA002:2-24,TGCCAAGAAAAGAATAATTTTCA,24,-0.113169341565949,0.008721,0.0960260941435159,1
crRNA297:297-319,TTGCCGCAACAATAAGAAAAATT,319,-0.116275401546443,0.005814,0.0943011330157654,1
crRNA298:298-320,ATTGCCGCAACAATAAGAAAAAT,320,-0.119290831460432,0.002907,0.0926265036081711,1
crRNA004:4-26,AGTGCCAAGAAAAGAATAATTTT,26,-0.120487649516083,0,0.0919618465712975,1
